window,name,mape,rmse
0,persistence,268656214.5767344,1036.1366104907027
0,mean,553653681.6078668,462.9172958163681
0,linear regression: history + pagerank + emb,3358545224.2064757,1720.1982268907516
0,linear regression: history + pagerank,3334845018.1781797,1713.6902860868731
0,linear regression: history + emb,3119251792.4693274,1464.8726404580098
0,linear regression: pagerank + emb,3358545224.2064757,1720.1982268907516
0,linear regression: history,3119251792.4693274,1464.8726404580098
0,linear regression: pagerank,3334845018.1781797,1713.6902860868731
0,linear regression: emb,3130227359.932906,1467.7453297282323
0,linear regression: baseline,3119251792.4693274,1464.8726404580098
0,poisson regression emb,51655396.59443978,947.2303708169075
0,poisson regression pagerank + emb,,
0,decision tree: history + pagerank + emb,455355727.64697456,1612.5614537689487
0,decision tree: history + pagerank,425535382.2748883,1781.909480804359
0,decision tree: history + emb,500139040.9249506,1684.6892926171208
0,decision tree: pagerank + emb,438767344.5738201,1569.7655270519904
0,decision tree: history,511606568.0719258,2738.196900382886
0,decision tree: pagerank,415328031.1192789,2734.077865596307
0,decision tree: emb,423960378.17972034,1612.1266538535342
0,decision tree: baseline,509544475.3739519,2611.2632046033455
1,persistence,251048236.49906608,273.8418545673983
1,mean,516169429.09216744,250.2792961329201
1,linear regression: history + pagerank + emb,2224869709.6563234,1139.5244068780694
1,linear regression: history + pagerank,2216180233.008455,1138.4426718384498
1,linear regression: history + emb,2143695096.8928065,1015.5260981381393
1,linear regression: pagerank + emb,2224869709.6563234,1139.5244068780694
1,linear regression: history,2143695096.8928065,1015.5260981381393
1,linear regression: pagerank,2216180233.008455,1138.4426718384498
1,linear regression: emb,2154039621.148338,1015.9655803178432
1,linear regression: baseline,2143695096.8928065,1015.5260981381393
1,poisson regression emb,51105506.226259366,843.4976568073282
1,poisson regression pagerank + emb,100.0,843.8568668506595
1,decision tree: history + pagerank + emb,365540171.14448875,1029.98549745327
1,decision tree: history + pagerank,405778996.71533775,861.3919130073709
1,decision tree: history + emb,497436096.12514955,817.3392160134174
1,decision tree: pagerank + emb,353465475.4785513,586.6592066298404
1,decision tree: history,501210871.2205802,1030.2400672818742
1,decision tree: pagerank,383474037.80532223,969.0403399773649
1,decision tree: emb,339557812.1499759,696.8215115123692
1,decision tree: baseline,501199415.15899694,944.4008043187853
2,persistence,282575329.3682651,163.05071398398596
2,mean,555247706.0740026,213.15121427337195
2,linear regression: history + pagerank + emb,1050316587.6924994,367.27168604413185
2,linear regression: history + pagerank,1043360479.2689985,367.7978258308981
2,linear regression: history + emb,1105939214.1286657,325.3052356390566
2,linear regression: pagerank + emb,1370932836.332113,160.4658529445813
2,linear regression: history,1105939214.1286657,325.3052356390566
2,linear regression: pagerank,1370720261.3403144,160.44232154626496
2,linear regression: emb,1428074642.0667305,159.01392761240783
2,linear regression: baseline,1428642416.9311075,159.00240756017791
2,poisson regression emb,51082594.141252354,853.675509194105
2,poisson regression pagerank + emb,100.0,854.032082955272
2,decision tree: history + pagerank + emb,485645556.8541742,185.0757830303778
2,decision tree: history + pagerank,509887205.8099753,201.74074473339866
2,decision tree: history + emb,580228637.1980258,192.88905801450352
2,decision tree: pagerank + emb,380455959.16051024,178.35357108698796
2,decision tree: history,563445501.389213,408.4769957868073
2,decision tree: pagerank,383372834.4222559,189.47955616289624
2,decision tree: emb,387076133.0669093,179.6640075084491
2,decision tree: baseline,455263676.0847195,189.23404909709265
3,persistence,297319286.2180409,1177.4624305407258
3,mean,554956394.2118423,1183.1303614830147
3,linear regression: history + pagerank + emb,839028232.7348152,1247.314479612147
3,linear regression: history + pagerank,836935152.8541574,1247.4385229217628
3,linear regression: history + emb,815287510.4655765,1248.593694567756
3,linear regression: pagerank + emb,1221398656.0226989,1180.6690893515206
3,linear regression: history,815287510.4655765,1248.593694567756
3,linear regression: pagerank,1218355990.6076632,1180.6730645778835
3,linear regression: emb,1190419946.501515,1180.67714184206
3,linear regression: baseline,1187494953.3244996,1180.6812949724283
3,poisson regression emb,51105506.25176939,1449.7689548465096
3,poisson regression pagerank + emb,100.0,1449.9877706769953
3,decision tree: history + pagerank + emb,356524237.38269776,1179.4043835073728
3,decision tree: history + pagerank,399110496.5713434,1209.4800669133217
3,decision tree: history + emb,438159813.98022294,1196.9601199060214
3,decision tree: pagerank + emb,382907557.2535455,1221.6244665877853
3,decision tree: history,444655404.0807453,1224.6380702420076
3,decision tree: pagerank,430193721.63910735,1181.2623043002438
3,decision tree: emb,405032084.5712616,1178.8478477498966
3,decision tree: baseline,462166021.53901047,1195.2009991246102
4,persistence,1605613477.3235693,1182.8962009066656
4,mean,1869857461.995263,498.7893215282416
4,linear regression: history + pagerank + emb,3422641082.661239,783.4485902987963
4,linear regression: history + pagerank,3421386329.494084,784.1880080253518
4,linear regression: history + emb,3424369925.144972,786.2134969850698
4,linear regression: pagerank + emb,4471600693.4184885,1365.0752853987203
4,linear regression: history,3424369925.144972,786.2134969850698
4,linear regression: pagerank,4462449842.746103,1364.7696589774557
4,linear regression: emb,4423128214.215332,1355.4539921155113
4,linear regression: baseline,4414008664.344193,1355.1911244553391
4,poisson regression emb,52411495.27771643,780.6612744443828
4,poisson regression pagerank + emb,100.0,781.0274634184229
4,decision tree: history + pagerank + emb,1701924626.4838164,1182.6037557455807
4,decision tree: history + pagerank,1653579117.8443894,1188.5592271686605
4,decision tree: history + emb,1719153445.496092,209.77576632885626
4,decision tree: pagerank + emb,1586997372.754558,1186.1600908888731
4,decision tree: history,1697547305.4816418,202.15309821432263
4,decision tree: pagerank,1616170686.593797,1189.9927752819071
4,decision tree: emb,1613900798.4322565,1229.3669285387766
4,decision tree: baseline,1700313312.4047036,245.85962144516057
5,persistence,233577736.3313761,369.1877094012309
5,mean,476186121.4449475,374.99309913593584
5,linear regression: history + pagerank + emb,725771773.7728184,534.9878064900224
5,linear regression: history + pagerank,720843693.1707848,534.6622590862611
5,linear regression: history + emb,709357162.8885714,536.8760154757307
5,linear regression: pagerank + emb,769198148.1890864,379.2403490968243
5,linear regression: history,709357162.8885714,536.8760154757307
5,linear regression: pagerank,769341947.8391327,379.237198066284
5,linear regression: emb,729405041.5629762,379.71889474070616
5,linear regression: baseline,729450006.089634,379.71565845174365
5,poisson regression emb,51437731.697109856,904.5726706281647
5,poisson regression pagerank + emb,100.0,904.9102753776937
5,decision tree: history + pagerank + emb,303024410.6192532,454.79122889308286
5,decision tree: history + pagerank,328037508.975883,499.8754050756552
5,decision tree: history + emb,374521309.9745288,380.4506907942289
5,decision tree: pagerank + emb,240293857.71731195,414.99341451358794
5,decision tree: history,391808513.35414016,385.2079728655567
5,decision tree: pagerank,234650520.49093544,373.4404684684795
5,decision tree: emb,225579128.81493405,468.6790644418193
5,decision tree: baseline,302522930.8983358,435.30920924797095
6,persistence,214617947.86424398,340.87256102895884
6,mean,432649799.1433433,285.9463351173398
6,linear regression: history + pagerank + emb,2156985751.422184,747.5980588525447
6,linear regression: history + pagerank,2151095510.968301,747.3064995143169
6,linear regression: history + emb,2171939571.8992743,759.7098147619361
6,linear regression: pagerank + emb,859387051.8223373,359.681369236325
6,linear regression: history,2171939571.8992743,759.7098147619361
6,linear regression: pagerank,856332825.9985721,360.3230758280546
6,linear regression: emb,850253654.3753643,364.7166466172725
6,linear regression: baseline,847170456.9076868,365.35017723576726
6,poisson regression emb,50269215.288182005,884.4965904119575
6,poisson regression pagerank + emb,100.0,884.8513480366919
6,decision tree: history + pagerank + emb,214377372.40671209,292.2867367361423
6,decision tree: history + pagerank,242103389.7109257,296.8139770126681
6,decision tree: history + emb,264465779.7755815,294.52997248514873
6,decision tree: pagerank + emb,227815338.32898965,274.73309324281036
6,decision tree: history,269265871.53965366,304.2568909756848
6,decision tree: pagerank,250302932.57640147,275.85654963814346
6,decision tree: emb,214298817.22357836,275.67090653902284
6,decision tree: baseline,299551876.3625835,296.6619356710172
7,persistence,327093601.7830373,1101.4659929743777
7,mean,581023854.072792,1092.0682058375567
7,linear regression: history + pagerank + emb,2128737234.501123,1160.8307831457075
7,linear regression: history + pagerank,2118736827.154569,1160.677811994745
7,linear regression: history + emb,2118765889.14535,1160.6522591060884
7,linear regression: pagerank + emb,845951897.430118,1128.9419274240518
7,linear regression: history,2118765889.14535,1160.6522591060884
7,linear regression: pagerank,836565224.2536445,1128.8796974591787
7,linear regression: emb,762020876.8150209,1132.529391487824
7,linear regression: baseline,752676755.5080652,1132.4629696910335
7,poisson regression emb,50784737.17159067,1365.090592563333
7,poisson regression pagerank + emb,100.0,1365.3251644476766
7,decision tree: history + pagerank + emb,385256050.8010922,1124.6546935415909
7,decision tree: history + pagerank,419520901.2354211,1093.5635413856612
7,decision tree: history + emb,499663800.84189785,1081.8703340315676
7,decision tree: pagerank + emb,431584381.6024828,1113.8899992992172
7,decision tree: history,449103199.125485,1077.7153383917955
7,decision tree: pagerank,503701658.26824975,1077.3474114171056
7,decision tree: emb,425945353.5807553,1104.9715360105938
7,decision tree: baseline,668278877.1292356,1078.087390081643
8,persistence,1446820947.7626696,1079.9601823130918
8,mean,1719025262.7726455,461.64856885433574
8,linear regression: history + pagerank + emb,4677006505.4935465,1263.8721119888291
8,linear regression: history + pagerank,4642876872.643882,1261.9009240093162
8,linear regression: history + emb,4630676289.375896,1256.426663467011
8,linear regression: pagerank + emb,4458198663.257067,1031.075836069678
8,linear regression: history,4630676289.375896,1256.426663467011
8,linear regression: pagerank,4431237299.621577,1030.6476258206217
8,linear regression: emb,4368556236.794804,1009.8725405476722
8,linear regression: baseline,4341784132.414402,1009.4906326836186
8,poisson regression emb,50360862.62492089,912.1071148857675
8,poisson regression pagerank + emb,100.0,912.450708568141
8,decision tree: history + pagerank + emb,1737472800.5250406,1114.655784895812
8,decision tree: history + pagerank,670970707.3356194,428.7633603747523
8,decision tree: history + emb,642569620.9777428,242.9896770867602
8,decision tree: pagerank + emb,1638661366.3515906,1088.7791180114634
8,decision tree: history,1785017209.8048143,1126.7751296130907
8,decision tree: pagerank,1734430504.0741384,1087.8055138494522
8,decision tree: emb,1656207286.2578363,1081.4887310923334
8,decision tree: baseline,1771105850.0452173,213.71014156768737
9,persistence,280685079.02656394,447.12415855420295
9,mean,559008569.8261161,475.0532091415881
9,linear regression: history + pagerank + emb,3880600790.445593,1557.5304425695304
9,linear regression: history + pagerank,3879781622.252477,1556.9311282449546
9,linear regression: history + emb,3885226927.797488,1559.1670760333257
9,linear regression: pagerank + emb,1092022475.4821022,460.22167493251504
9,linear regression: history,3885226927.797488,1559.1670760333257
9,linear regression: pagerank,1087179258.5744863,460.20343176919266
9,linear regression: emb,1017594756.1448244,457.2567145983472
9,linear regression: baseline,1012455548.6818767,457.2378587173064
9,poisson regression emb,50143198.3143488,1036.1209473139718
9,poisson regression pagerank + emb,100.0,1036.4324415346646
9,decision tree: history + pagerank + emb,353156160.04467,584.9950747398208
9,decision tree: history + pagerank,329016087.8997243,505.77104403636423
9,decision tree: history + emb,373142530.0595542,879.930230403906
9,decision tree: pagerank + emb,381613022.8538708,485.5550686535431
9,decision tree: history,355605583.0743115,701.8850786268913
9,decision tree: pagerank,372077756.7188546,442.0176543074229
9,decision tree: emb,381434542.52475256,459.1133083936019
9,decision tree: baseline,458811176.2698628,474.2397532180771
10,persistence,444438085.93894655,414.0643700453822
10,mean,741408778.3925467,326.16501838588465
10,linear regression: history + pagerank + emb,3341372409.558154,1845.2053499265792
10,linear regression: history + pagerank,3322197042.555621,1849.7920786685816
10,linear regression: history + emb,3303748394.307069,1855.3444259746339
10,linear regression: pagerank + emb,734679810.2803288,363.9647373166334
10,linear regression: history,3303748394.307069,1855.3444259746339
10,linear regression: pagerank,735941016.2705663,363.4178673064902
10,linear regression: emb,735129659.0503352,364.21305168753247
10,linear regression: baseline,736060788.8688264,363.7164192761406
10,poisson regression emb,51930341.24897962,891.2431545987502
10,poisson regression pagerank + emb,100.0,891.5684714109814
10,decision tree: history + pagerank + emb,688062787.4309143,526.6107425715927
10,decision tree: history + pagerank,680574060.7270434,639.9718904051197
10,decision tree: history + emb,560448902.8309532,625.0437791045318
10,decision tree: pagerank + emb,489781198.88125324,534.1144626711191
10,decision tree: history,686151963.2310853,456.18182280608596
10,decision tree: pagerank,564076017.795686,442.9524725380477
10,decision tree: emb,494086769.80975616,468.26436442669893
10,decision tree: baseline,572071036.045474,389.9630969164304
11,persistence,295555054.50536746,295.4173337216836
11,mean,525062608.62528074,236.394835934574
11,linear regression: history + pagerank + emb,1862619560.0893621,758.201142709724
11,linear regression: history + pagerank,1832328662.1667662,761.1672570038953
11,linear regression: history + emb,1826068811.6580818,762.8936557628451
11,linear regression: pagerank + emb,704355216.9981388,273.76891983777494
11,linear regression: history,1826068811.6580818,762.8936557628451
11,linear regression: pagerank,690039383.4217825,271.1606492584433
11,linear regression: emb,673024397.6347619,277.54629719863834
11,linear regression: baseline,658377187.7965486,274.95005041273816
11,poisson regression emb,51128418.459523454,871.366277772633
11,poisson regression pagerank + emb,100.0,871.7079818982506
11,decision tree: history + pagerank + emb,500698829.9097093,408.0525687002865
11,decision tree: history + pagerank,694340712.5796022,323.51100410797204
11,decision tree: history + emb,725705282.8759043,472.9001427708953
11,decision tree: pagerank + emb,275506942.9565007,394.13902083487415
11,decision tree: history,514951856.66963345,480.9042832859961
11,decision tree: pagerank,255686737.432888,262.5456542100307
11,decision tree: emb,268362940.50141332,384.9517460279825
11,decision tree: baseline,309410597.24952054,331.6983685946096
12,persistence,244208966.25670293,1318.4949909325398
12,mean,484621060.7608895,1348.9650677314407
12,linear regression: history + pagerank + emb,1707039635.1007338,1382.894655385899
12,linear regression: history + pagerank,1697327238.8093696,1383.1114422997334
12,linear regression: history + emb,1700155501.5508988,1382.4862870519112
12,linear regression: pagerank + emb,740595206.9038727,1359.2347153884143
12,linear regression: history,1700155501.5508988,1382.4862870519112
12,linear regression: pagerank,737712591.6386821,1359.2192460628123
12,linear regression: emb,719086297.7943447,1359.195350200368
12,linear regression: baseline,716086526.6458004,1359.179582475281
12,poisson regression emb,50005726.17366156,1756.4296665514178
12,poisson regression pagerank + emb,100.0,1756.6281254329208
12,decision tree: history + pagerank + emb,383251240.40234715,1328.801181604373
12,decision tree: history + pagerank,412492582.6202846,1465.5130554536165
12,decision tree: history + emb,381693712.43989456,1423.7761445635883
12,decision tree: pagerank + emb,278554255.259896,1391.7947068028848
12,decision tree: history,386139690.15873,1439.5061513526084
12,decision tree: pagerank,261068345.41427797,1403.5644370211091
12,decision tree: emb,302380008.55421096,1389.0403107136588
12,decision tree: baseline,369444107.362082,1388.7172370767184
13,persistence,350968044.154996,1314.0571776411336
13,mean,611634463.5995827,1024.8049041812735
13,linear regression: history + pagerank + emb,6752240833.43269,1775.8211757932177
13,linear regression: history + pagerank,6770092657.650216,1770.3443921254652
13,linear regression: history + emb,6816279898.018299,1773.7751828210974
13,linear regression: pagerank + emb,6156360149.049079,2615.7293021782334
13,linear regression: history,6816279898.018299,1773.7751828210974
13,linear regression: pagerank,6169579996.377764,2615.9191890283378
13,linear regression: emb,6101792123.049776,2710.597175827586
13,linear regression: baseline,6115060974.040636,2710.7723560351565
13,poisson regression emb,50154654.271145314,945.4091870559316
13,poisson regression pagerank + emb,100.0,945.7469215103689
13,decision tree: history + pagerank + emb,617344493.4007723,546.7975194727461
13,decision tree: history + pagerank,597229773.4624491,398.4317206521176
13,decision tree: history + emb,516116306.8564024,436.18307681643483
13,decision tree: pagerank + emb,458322841.33424413,368.70854329835555
13,decision tree: history,496417602.58948755,404.1518370649376
13,decision tree: pagerank,529653741.9794866,1325.544082494115
13,decision tree: emb,476319366.50415426,397.2056014297122
13,decision tree: baseline,618855237.7268724,420.01480953295726
14,persistence,389254216.3497411,313.63677014356773
14,mean,698427256.0653232,307.76423051181825
14,linear regression: history + pagerank + emb,4016797949.911646,1545.2676513949439
14,linear regression: history + pagerank,4010510251.6707954,1544.5526969284815
14,linear regression: history + emb,3968063201.400546,1533.6613964120152
14,linear regression: pagerank + emb,768686762.0744243,219.1584213380182
14,linear regression: history,3968063201.400546,1533.6613964120152
14,linear regression: pagerank,770261159.9060837,219.10611025967913
14,linear regression: emb,779127654.9291161,219.00867069774907
14,linear regression: baseline,780644056.3940595,218.961692197054
14,poisson regression emb,50910753.297813475,928.6552713438151
14,poisson regression pagerank + emb,100.0,928.9914986106052
14,decision tree: history + pagerank + emb,593447138.833434,330.9350570871944
14,decision tree: history + pagerank,488926357.82210183,329.2610331810068
14,decision tree: history + emb,587327880.7208378,394.42200129401624
14,decision tree: pagerank + emb,542502013.2431237,267.2740698958479
14,decision tree: history,595790472.1051869,347.44110423945705
14,decision tree: pagerank,556438065.2179649,348.79197332567304
14,decision tree: emb,535407847.2227719,456.4875609513768
14,decision tree: baseline,679676797.5166637,407.9562725899351
15,persistence,340978355.4109836,221.5843765112471
15,mean,615148201.1352128,195.59493503435888
15,linear regression: history + pagerank + emb,3533809149.3056746,1170.906375935416
15,linear regression: history + pagerank,3520305579.5221195,1171.2039439395137
15,linear regression: history + emb,3537587478.51912,1170.3593598699422
15,linear regression: pagerank + emb,852797934.5954156,231.10130275508482
15,linear regression: history,3537587478.51912,1170.3593598699422
15,linear regression: pagerank,848863488.3900363,231.17439890255187
15,linear regression: emb,841450468.9039983,230.72983743674305
15,linear regression: baseline,837847979.0685892,230.81028133168437
15,poisson regression emb,51517924.025620855,849.4409629054212
15,poisson regression pagerank + emb,100.0,849.7811402077131
15,decision tree: history + pagerank + emb,411639374.79503787,384.20086401926915
15,decision tree: history + pagerank,377847612.6473979,354.9549025938397
15,decision tree: history + emb,372168824.8179786,443.8414329592063
15,decision tree: pagerank + emb,366697225.7134975,238.5994118400767
15,decision tree: history,393459062.39218765,344.53435347370345
15,decision tree: pagerank,442023672.20858604,256.2990877508866
15,decision tree: emb,381413688.5598288,253.77037521049633
15,decision tree: baseline,421982557.8760531,264.42065985106893
16,persistence,318238062.7975331,150.4225620561575
16,mean,549416567.8745842,207.94247257262757
16,linear regression: history + pagerank + emb,2615621733.049694,1049.4329547465761
16,linear regression: history + pagerank,2613190680.3767834,1046.309417067949
16,linear regression: history + emb,2612142872.5187483,1048.2421293052812
16,linear regression: pagerank + emb,620065469.4816375,152.75396386240294
16,linear regression: history,2612142872.5187483,1048.2421293052812
16,linear regression: pagerank,616564652.6357588,152.71343361919287
16,linear regression: emb,573193155.5702523,152.12337529856967
16,linear regression: baseline,569613548.7486746,152.08053423336463
16,poisson regression emb,51758500.875114836,855.578376296756
16,poisson regression pagerank + emb,100.0,855.9235052592667
16,decision tree: history + pagerank + emb,421846725.29839724,165.47765279875986
16,decision tree: history + pagerank,393241943.5960539,229.42424012479634
16,decision tree: history + emb,380713282.6126003,167.52722016979828
16,decision tree: pagerank + emb,317837103.52553636,178.05724437267642
16,decision tree: history,416045821.6264179,171.2890827644346
16,decision tree: pagerank,308763550.91871136,166.19725152605594
16,decision tree: emb,232993479.9685324,179.81993950504224
16,decision tree: baseline,343262401.45665675,167.73755000038412
17,persistence,248207131.84290886,188.66692352078638
17,mean,531204697.6692171,245.99285908855472
17,linear regression: history + pagerank + emb,1989137803.5776153,483.36907921703926
17,linear regression: history + pagerank,1955749629.380542,480.92220726962154
17,linear regression: history + emb,1939979907.9191751,481.0978969598046
17,linear regression: pagerank + emb,653653313.690192,182.51362858371283
17,linear regression: history,1939979907.9191751,481.0978969598046
17,linear regression: pagerank,653303819.0578626,182.54725407618784
17,linear regression: emb,645889606.4297886,180.57225999515495
17,linear regression: baseline,645358578.8920482,180.60581984063202
17,poisson regression emb,51346083.1210191,907.2387237890096
17,poisson regression pagerank + emb,100.0,907.5665456738919
17,decision tree: history + pagerank + emb,325146073.3342108,192.76425070383317
17,decision tree: history + pagerank,356118291.16544205,183.29155878170204
17,decision tree: history + emb,378534685.2502696,263.4352485874752
17,decision tree: pagerank + emb,278920847.69966596,195.03933641635575
17,decision tree: history,349406249.83654565,193.3733619088927
17,decision tree: pagerank,209203763.08384368,196.8073098996709
17,decision tree: emb,244027962.16108167,315.52859045877176
17,decision tree: baseline,279543263.9730175,249.15976079644355
18,persistence,433302788.67443234,163.65792796935008
18,mean,733011481.5667917,213.69364396832125
18,linear regression: history + pagerank + emb,2125117543.8016098,467.20690918819594
18,linear regression: history + pagerank,2135902156.648838,463.0464218199531
18,linear regression: history + emb,2131718379.3116376,463.7940985646778
18,linear regression: pagerank + emb,752369428.3940456,212.6872373463788
18,linear regression: history,2131718379.3116376,463.7940985646778
18,linear regression: pagerank,742010718.739372,212.0936781349369
18,linear regression: emb,725172311.7462212,212.44626964683417
18,linear regression: baseline,716380109.3957626,211.8515887067117
18,poisson regression emb,52812456.441686384,823.332916228629
18,poisson regression pagerank + emb,100.0,823.6713317974991
18,decision tree: history + pagerank + emb,644140228.9721,233.04380078920047
18,decision tree: history + pagerank,654004665.6294303,332.7568380084533
18,decision tree: history + emb,660694062.7634357,405.79531508444967
18,decision tree: pagerank + emb,580707992.3861063,190.8588684560811
18,decision tree: history,642868242.51839,226.36335522131344
18,decision tree: pagerank,597037209.2217848,191.53017883933532
18,decision tree: emb,559319518.1740923,198.37457577867204
18,decision tree: baseline,695238106.019698,230.79966253334985
19,persistence,371428577.16183186,129.54855162522242
19,mean,638237083.6981034,181.06855591893523
19,linear regression: history + pagerank + emb,1376606633.5285928,265.6697072487832
19,linear regression: history + pagerank,1373736305.1535842,267.3012142933485
19,linear regression: history + emb,1380671062.0848923,267.2779948498059
19,linear regression: pagerank + emb,696246192.2549655,116.22507426252506
19,linear regression: history,1380671062.0848923,267.2779948498059
19,linear regression: pagerank,694214030.6850028,116.11377305101429
19,linear regression: emb,691366667.6058784,115.65462814616963
19,linear regression: baseline,689474295.8079004,115.54751240126019
19,poisson regression emb,53018665.73283312,781.9890700651549
19,poisson regression pagerank + emb,100.0,782.3302919135557
19,decision tree: history + pagerank + emb,473616688.5120867,141.47808385093666
19,decision tree: history + pagerank,513550942.7729314,201.46719812317045
19,decision tree: history + emb,465957281.4453754,203.30258227693315
19,decision tree: pagerank + emb,473364654.243009,138.73469375804862
19,decision tree: history,479539697.69361633,154.21964662744807
19,decision tree: pagerank,460900487.8297803,142.88617652379037
19,decision tree: emb,470086992.0703333,149.1045044405281
19,decision tree: baseline,556567988.2415692,158.81959228246703
20,persistence,280066452.4434158,193.25778191321984
20,mean,556303302.081433,227.00451173341335
20,linear regression: history + pagerank + emb,2112810493.234835,596.9710414858981
20,linear regression: history + pagerank,2097670172.319934,595.2810818579048
20,linear regression: history + emb,2094736739.5915184,594.1471193329502
20,linear regression: pagerank + emb,686826389.0982225,244.54585706090268
20,linear regression: history,2094736739.5915184,594.1471193329502
20,linear regression: pagerank,668105536.3449761,243.53267618848557
20,linear regression: emb,676572896.2571802,245.95103937390087
20,linear regression: baseline,656733890.8949684,244.98530134638094
20,poisson regression emb,52377127.398526475,829.7043519859366
20,poisson regression pagerank + emb,100.0,830.039707362193
20,decision tree: history + pagerank + emb,607950521.2697455,216.2801156304411
20,decision tree: history + pagerank,560877867.6096876,296.23488432987546
20,decision tree: history + emb,613526285.7484703,251.04055339377481
20,decision tree: pagerank + emb,294615660.5284921,210.30861508870805
20,decision tree: history,572237903.7014925,397.68328941464284
20,decision tree: pagerank,296890794.80845636,242.83222764733742
20,decision tree: emb,292526544.69438356,272.46280871840275
20,decision tree: baseline,357398623.0045837,302.5025621119254
21,persistence,670065309.5390986,248.15845740542443
21,mean,811122213.0460238,218.00140539417868
21,linear regression: history + pagerank + emb,3269690036.535145,712.9380899982308
21,linear regression: history + pagerank,3252506489.783261,708.0851333063922
21,linear regression: history + emb,3248281214.069798,707.129009457581
21,linear regression: pagerank + emb,1286048798.6739368,231.87585306214035
21,linear regression: history,3248281214.069798,707.129009457581
21,linear regression: pagerank,1281322254.354227,231.87941344859095
21,linear regression: emb,1277575219.884176,230.26272138391766
21,linear regression: baseline,1272881006.0879922,230.26400900601274
21,poisson regression emb,54393390.973026,787.2197370550322
21,poisson regression pagerank + emb,100.0,787.5462054137445
21,decision tree: history + pagerank + emb,1112876630.037715,281.2942834579922
21,decision tree: history + pagerank,1041413690.3374964,263.1143512693766
21,decision tree: history + emb,1008969994.3887577,260.7418918078663
21,decision tree: pagerank + emb,676343236.6950479,229.43125868850498
21,decision tree: history,984301938.9451543,232.90459827368264
21,decision tree: pagerank,667796915.3271381,217.91617239360244
21,decision tree: emb,651338462.6198301,221.5419374144869
21,decision tree: baseline,775351070.5775448,356.4976242889032
22,persistence,313185937.10023147,340.59402662343496
22,mean,637461344.6746254,364.0097030652737
22,linear regression: history + pagerank + emb,2972321746.15067,714.4134328449362
22,linear regression: history + pagerank,2971286150.1562676,712.3929291028898
22,linear regression: history + emb,2974685582.335069,713.134996528888
22,linear regression: pagerank + emb,803427912.3437843,345.5841179209359
22,linear regression: history,2974685582.335069,713.134996528888
22,linear regression: pagerank,804813673.643488,345.56299768851824
22,linear regression: emb,782040435.1772947,345.650672263698
22,linear regression: baseline,783246333.4300215,345.63009376654264
22,poisson regression emb,54908912.93558617,853.7697421337058
22,poisson regression pagerank + emb,100.0,854.0750381611348
22,decision tree: history + pagerank + emb,531315165.1205056,450.94914846716443
22,decision tree: history + pagerank,546301608.5671816,451.08600743277907
22,decision tree: history + emb,583626425.5232382,365.8670786413113
22,decision tree: pagerank + emb,312744884.34972835,357.23445709511975
22,decision tree: history,473832763.05259794,367.5362622435075
22,decision tree: pagerank,347906331.0686161,367.76506341790946
22,decision tree: emb,314462148.18424195,352.25481378713187
22,decision tree: baseline,356886879.73173696,354.95330287692155
23,persistence,360614051.50980693,339.2890238239705
23,mean,669384492.2424152,230.65084979760698
23,linear regression: history + pagerank + emb,3977206134.480201,5367.4161474351795
23,linear regression: history + pagerank,4039410506.5585604,5385.731633175331
23,linear regression: history + emb,4060015927.4434447,5365.260994680146
23,linear regression: pagerank + emb,1219517589.1005216,380.13722662810756
23,linear regression: history,4060015927.4434447,5365.260994680146
23,linear regression: pagerank,1219663007.0685213,381.5340369856821
23,linear regression: emb,1202598136.595594,378.6692493631969
23,linear regression: baseline,1203060489.8849452,380.06772579120934
23,poisson regression emb,55550451.62096992,753.8055751325489
23,poisson regression pagerank + emb,100.0,754.1329025066759
23,decision tree: history + pagerank + emb,531103238.6857274,575.6144998817431
23,decision tree: history + pagerank,714909219.0891545,549.1813299571205
23,decision tree: history + emb,696368087.2092452,502.1322803474464
23,decision tree: pagerank + emb,1006220659.7363366,489.6855922560096
23,decision tree: history,505740745.7874787,387.83849810133387
23,decision tree: pagerank,526612268.03272665,493.4231665781074
23,decision tree: emb,570489190.8717605,387.9355103302481
23,decision tree: baseline,711361622.9649725,392.2190435938155
24,persistence,356833548.7700231,125.15826246019564
24,mean,649702968.6226972,173.44826451551876
24,linear regression: history + pagerank + emb,1893194644.7277625,443.7798388008145
24,linear regression: history + pagerank,1904994093.66007,447.7506584616641
24,linear regression: history + emb,1903127706.5394516,446.85368872524947
24,linear regression: pagerank + emb,625909409.6221865,110.32727435053813
24,linear regression: history,1903127706.5394516,446.85368872524947
24,linear regression: pagerank,625213313.46488,110.32451901304027
24,linear regression: emb,620633104.6696123,110.59162668818229
24,linear regression: baseline,619879182.3726954,110.58849599502787
24,poisson regression emb,56169078.05497766,734.814990544721
24,poisson regression pagerank + emb,100.0,735.1412184516386
24,decision tree: history + pagerank + emb,372322153.208461,135.13064661486405
24,decision tree: history + pagerank,363205327.698765,141.05649873121286
24,decision tree: history + emb,422356743.3846047,149.18215919987787
24,decision tree: pagerank + emb,366851881.91398776,148.2705524732175
24,decision tree: history,432591260.71854305,152.4211775064004
24,decision tree: pagerank,396876015.9244486,153.15253259050212
24,decision tree: emb,321280312.0379368,152.54072957911683
24,decision tree: baseline,435367465.3759363,146.09023707030926
25,persistence,245526412.24547195,109.91684538478776
25,mean,522386799.5519709,164.6435171437095
25,linear regression: history + pagerank + emb,1819839167.3801482,392.1829471746127
25,linear regression: history + pagerank,1820777661.9009209,392.4292684033476
25,linear regression: history + emb,1820681249.3665087,385.6331294870191
25,linear regression: pagerank + emb,380295761.99055636,111.5934188512684
25,linear regression: history,1820681249.3665087,385.6331294870191
25,linear regression: pagerank,382995798.73500836,111.48309118784692
25,linear regression: emb,370476291.7782529,111.79925024266687
25,linear regression: baseline,372720914.2536742,111.68719739978745
25,poisson regression emb,55378610.917553365,736.830339443475
25,poisson regression pagerank + emb,100.0,737.1639792283247
25,decision tree: history + pagerank + emb,638354918.5143243,281.0495367587846
25,decision tree: history + pagerank,380788187.19958395,329.3411663175965
25,decision tree: history + emb,691862805.8314136,188.21694163723222
25,decision tree: pagerank + emb,228514158.34243768,159.11966801492972
25,decision tree: history,379902673.9857681,146.99652841946101
25,decision tree: pagerank,243962383.80469698,146.91895641622145
25,decision tree: emb,211188180.9322724,161.78080920584964
25,decision tree: baseline,272143928.7555645,138.784530434364
26,persistence,275930810.66800135,109.7827679812926
26,mean,577732690.3469214,165.33971503170858
26,linear regression: history + pagerank + emb,1749302739.1659782,365.0177905740918
26,linear regression: history + pagerank,1739970534.4507794,368.417146727411
26,linear regression: history + emb,1739778878.1908274,367.4543560081767
26,linear regression: pagerank + emb,657911530.7001827,103.82085467059889
26,linear regression: history,1739778878.1908274,367.4543560081767
26,linear regression: pagerank,660070895.8357576,103.73763866745641
26,linear regression: emb,641559693.8248044,104.2626437684989
26,linear regression: baseline,643645351.0743012,104.1804495949278
26,poisson regression emb,55195314.154021904,737.8127446114507
26,poisson regression pagerank + emb,100.0,738.1499889030273
26,decision tree: history + pagerank + emb,382529507.02841806,141.87571702282835
26,decision tree: history + pagerank,338485553.6497043,156.60680853767548
26,decision tree: history + emb,335593921.90624094,135.4530006048387
26,decision tree: pagerank + emb,322660105.1761,126.57918581806439
26,decision tree: history,310573874.5364486,133.62463335305804
26,decision tree: pagerank,368698616.27830595,127.40385151343132
26,decision tree: emb,339237032.48107946,119.09790385784028
26,decision tree: baseline,392221952.9910842,126.37354976396544
27,persistence,297044341.29727083,149.75969978918624
27,mean,573024247.5942945,210.32656618089564
27,linear regression: history + pagerank + emb,1603325655.037755,349.48725670460703
27,linear regression: history + pagerank,1593539004.1463742,348.7794746795431
27,linear regression: history + emb,1576649044.6783767,351.2500460782554
27,linear regression: pagerank + emb,888599739.5059059,148.83132287108432
27,linear regression: history,1576649044.6783767,351.2500460782554
27,linear regression: pagerank,889128972.0200962,148.81597086486926
27,linear regression: emb,872325734.435005,149.0057790054043
27,linear regression: baseline,872879641.3193144,148.99108533885567
27,poisson regression emb,54622512.12661031,770.0695664885952
27,poisson regression pagerank + emb,100.0,770.3999035929755
27,decision tree: history + pagerank + emb,323416207.12180334,172.32964156606064
27,decision tree: history + pagerank,343909261.58995056,177.78684303718225
27,decision tree: history + emb,306379988.2554484,212.84181381539253
27,decision tree: pagerank + emb,386092343.6900606,179.09880539886709
27,decision tree: history,332216899.91488266,181.5105639607152
27,decision tree: pagerank,412519515.62261146,165.5896739686059
27,decision tree: emb,360517822.2510909,174.12800828191925
27,decision tree: baseline,493461619.05646205,187.03847787458503
28,persistence,359502812.29733837,256.29871780797885
28,mean,665810198.5496118,264.2287381816968
28,linear regression: history + pagerank + emb,2606664749.7993493,550.8454251847115
28,linear regression: history + pagerank,2581223889.694082,545.9358774580685
28,linear regression: history + emb,2531655693.3355494,541.5806423450166
28,linear regression: pagerank + emb,714238937.5820297,242.87793426094302
28,linear regression: history,2531655693.3355494,541.5806423450166
28,linear regression: pagerank,710357318.0245814,242.8249136508615
28,linear regression: emb,696848525.4019998,243.19554664743637
28,linear regression: baseline,692893382.1579283,243.14224515943306
28,poisson regression emb,55034929.64444616,783.3713094915189
28,poisson regression pagerank + emb,100.0,783.6948926997194
28,decision tree: history + pagerank + emb,434196364.79439324,287.916748548116
28,decision tree: history + pagerank,496540847.85367066,280.93574839694674
28,decision tree: history + emb,461359761.3866424,280.5470828042737
28,decision tree: pagerank + emb,402365685.7575585,259.7441079245109
28,decision tree: history,453649147.8454587,249.14149135586186
28,decision tree: pagerank,407643645.5682684,247.00096611567687
28,decision tree: emb,411569816.184105,244.48256289115605
28,decision tree: baseline,479930797.37978494,256.5904822480269
29,persistence,393756450.0207259,222.58118079945257
29,mean,686054703.501519,212.58851382858933
29,linear regression: history + pagerank + emb,3358730212.890559,790.7504253508062
29,linear regression: history + pagerank,3342235989.632274,783.3883009706086
29,linear regression: history + emb,3318061739.0431056,780.630730165704
29,linear regression: pagerank + emb,1148748063.8092709,191.83967622952028
29,linear regression: history,3318061739.0431056,780.630730165704
29,linear regression: pagerank,1148128913.1327386,191.84467579030246
29,linear regression: emb,1124373493.600792,192.2633362615031
29,linear regression: baseline,1123634658.022066,192.26942597152382
29,poisson regression emb,55665011.959987916,743.1655923107647
29,poisson regression pagerank + emb,100.0,743.4926514212356
29,decision tree: history + pagerank + emb,595520685.4812517,180.66995199716408
29,decision tree: history + pagerank,529497267.55094457,333.52076894491614
29,decision tree: history + emb,550617132.6773161,182.1515547010911
29,decision tree: pagerank + emb,399702151.6567885,299.17910387639193
29,decision tree: history,546868473.1745293,303.6264543084185
29,decision tree: pagerank,390252789.9009827,300.28842005395563
29,decision tree: emb,366574072.6790418,288.9028391549178
29,decision tree: baseline,527774109.68527186,319.3770033195578
30,persistence,337805022.47253287,627.0842535120969
30,mean,628869294.1735854,653.7982130240487
30,linear regression: history + pagerank + emb,2039622060.37274,735.6532539900511
30,linear regression: history + pagerank,2009192777.0730145,733.6209360801292
30,linear regression: history + emb,2003728252.6784089,733.458205406991
30,linear regression: pagerank + emb,779198648.9132204,661.272916108951
30,linear regression: history,2003728252.6784089,733.458205406991
30,linear regression: pagerank,780041107.9222126,661.2473914508378
30,linear regression: emb,760137077.9446077,661.3441487326637
30,linear regression: baseline,760925011.504422,661.322785268394
30,poisson regression emb,56363830.52601342,1068.403836909651
30,poisson regression pagerank + emb,100.0,1068.6350905761196
30,decision tree: history + pagerank + emb,457555282.17301255,640.4206271366289
30,decision tree: history + pagerank,479027567.3239271,635.9766347768632
30,decision tree: history + emb,481096660.5049758,702.5767812833938
30,decision tree: pagerank + emb,289735371.81278634,628.9392836424325
30,decision tree: history,459351506.2408836,679.3839639985954
30,decision tree: pagerank,324363461.6354009,634.3968267220465
30,decision tree: emb,288076151.6725787,632.1445291347177
30,decision tree: baseline,355917282.9856592,694.6520407057718
31,persistence,256547147.91846377,641.9513461798404
31,mean,516642400.5839586,307.4256557134367
31,linear regression: history + pagerank + emb,3457651013.2957125,857.2807906433393
31,linear regression: history + pagerank,3473979185.159665,866.0748538074517
31,linear regression: history + emb,3410518473.4944267,863.2837826775856
31,linear regression: pagerank + emb,2318686969.3715496,1697.0602988177056
31,linear regression: history,3410518473.4944267,863.2837826775856
31,linear regression: pagerank,2325791274.7511024,1698.4060836552953
31,linear regression: emb,2169076522.0304127,1699.569077022237
31,linear regression: baseline,2175727299.4928727,1700.9639548295322
31,poisson regression emb,55584819.5855221,795.3505187582755
31,poisson regression pagerank + emb,100.0,795.6668661119351
31,decision tree: history + pagerank + emb,430083637.76535124,364.68194238878027
31,decision tree: history + pagerank,376475497.32413363,243.2765907635963
31,decision tree: history + emb,429394386.7015476,369.1225594195955
31,decision tree: pagerank + emb,292702495.3803592,657.9643739659089
31,decision tree: history,409599787.3844751,274.6500514033102
31,decision tree: pagerank,246038912.1838502,691.4730551571901
31,decision tree: emb,275461116.2296237,658.4670328098523
31,decision tree: baseline,291193133.5447862,655.967677443025
32,persistence,254565249.46324322,249.79447409353867
32,mean,564484569.5250351,272.25846137480505
32,linear regression: history + pagerank + emb,4276105589.70447,828.2953670589661
32,linear regression: history + pagerank,4177843098.586182,810.0455141158055
32,linear regression: history + emb,4204617385.0511355,811.4172615394339
32,linear regression: pagerank + emb,873427824.5777903,286.59934638691294
32,linear regression: history,4204617385.0511355,811.4172615394339
32,linear regression: pagerank,864531607.6002617,286.5528768670335
32,linear regression: emb,848609790.849069,285.6544172808906
32,linear regression: baseline,839796126.4564937,285.6066964878595
32,poisson regression emb,55378610.95239363,790.8781657028348
32,poisson regression pagerank + emb,100.0,791.1909955446047
32,decision tree: history + pagerank + emb,362859442.3618151,281.23490911564465
32,decision tree: history + pagerank,357876053.50100034,245.79518898999962
32,decision tree: history + emb,320015176.5375474,247.6424109913987
32,decision tree: pagerank + emb,319097270.833097,338.73789047862954
32,decision tree: history,388472594.24835116,244.1635634306861
32,decision tree: pagerank,315332876.75808847,369.25648760746714
32,decision tree: emb,331783717.99000597,268.69740475712035
32,decision tree: baseline,374877783.8824309,344.7316631789402
33,persistence,221067713.33093244,1568.4695862287933
33,mean,489540623.1631263,1569.2091405843883
33,linear regression: history + pagerank + emb,1847776385.2140594,1610.386293392378
33,linear regression: history + pagerank,1842839205.4424877,1609.144777205624
33,linear regression: history + emb,1851708675.3502424,1608.9952681594639
33,linear regression: pagerank + emb,856033282.4587164,1564.1974634850733
33,linear regression: history,1851708675.3502424,1608.9952681594639
33,linear regression: pagerank,857148689.3670185,1564.190340932406
33,linear regression: emb,820984021.9170848,1564.2920914456697
33,linear regression: baseline,822084607.9856108,1564.2845416997632
33,poisson regression emb,53625836.20675024,1764.9077726845971
33,poisson regression pagerank + emb,100.0,1765.0718179795774
33,decision tree: history + pagerank + emb,315969765.8350053,1569.8426707735696
33,decision tree: history + pagerank,316650391.273799,1568.5384466528044
33,decision tree: history + emb,321537553.34480995,1569.185168663208
33,decision tree: pagerank + emb,285004019.79070705,1570.212278002333
33,decision tree: history,334271364.92823523,1577.1410382477
33,decision tree: pagerank,332930086.4501526,1566.7541493353788
33,decision tree: emb,297092624.1261342,1575.700457554479
33,decision tree: baseline,362143439.8921205,1577.1470623747098
34,persistence,261736747.78971356,1777.5964510598371
34,mean,538831165.6838955,1050.8127854202946
34,linear regression: history + pagerank + emb,18431920174.56032,13020.272434289183
34,linear regression: history + pagerank,18290715105.496185,12988.006400532995
34,linear regression: history + emb,18276039049.948208,12922.214805579779
34,linear regression: pagerank + emb,1818094424.482151,1704.4581211676064
34,linear regression: history,18276039049.948208,12922.214805579779
34,linear regression: pagerank,1784067933.5601375,1703.40677431527
34,linear regression: emb,1779128241.4696307,1627.9886904623934
34,linear regression: baseline,1744946267.764908,1627.1001360794728
34,poisson regression emb,53247786.01518573,1267.2263264146538
34,poisson regression pagerank + emb,100.0,1267.4778501355593
34,decision tree: history + pagerank + emb,408832636.049156,892.5952044817906
34,decision tree: history + pagerank,387557373.88214946,910.5144749927399
34,decision tree: history + emb,398781552.4729165,1805.081921312521
34,decision tree: pagerank + emb,420666753.8976649,1786.2532880908855
34,decision tree: history,408570736.2908543,900.3363372215662
34,decision tree: pagerank,416764854.95480597,1785.9421188588385
34,decision tree: emb,479802203.1329778,1813.8946107171582
34,decision tree: baseline,542813548.9310293,1787.7637828853422
35,persistence,225684505.961193,182.0077206914039
35,mean,507752493.669983,214.20008550848118
35,linear regression: history + pagerank + emb,20439327432.083115,3880.8416746256225
35,linear regression: history + pagerank,20150553944.88809,3856.096878124429
35,linear regression: history + emb,17658372134.327335,3317.8509183414253
35,linear regression: pagerank + emb,1577347868.6453292,852.8405581995386
35,linear regression: history,17658372134.327335,3317.8509183414253
35,linear regression: pagerank,1576928125.4715252,852.6928132779507
35,linear regression: emb,3054730811.3543262,1057.2557455846313
35,linear regression: baseline,3051607477.379724,1057.0598009772032
35,poisson regression emb,52594792.39813263,1273.8813023822474
35,poisson regression pagerank + emb,,
35,decision tree: history + pagerank + emb,440153521.9878428,1004.7840081335678
35,decision tree: history + pagerank,481758611.5068336,895.78085879127
35,decision tree: history + emb,438601750.4529841,917.1339855995686
35,decision tree: pagerank + emb,360330521.1927132,1295.5538079134703
35,decision tree: history,445099392.36264026,1113.818339783934
35,decision tree: pagerank,388651232.2992538,1503.9380735083407
35,decision tree: emb,995106751.2304224,1272.2525190532187
35,decision tree: baseline,1730003752.6918943,1506.007099966892
36,persistence,277133697.7548453,321.57570564446695
36,mean,552391872.064997,357.9384291918518
36,linear regression: history + pagerank + emb,21753287276.90191,4424.770699090428
36,linear regression: history + pagerank,21513168172.479378,4398.426227161708
36,linear regression: history + emb,18625365688.047234,3375.2750022913483
36,linear regression: pagerank + emb,1494998875.1979394,579.418204207707
36,linear regression: history,18625365688.047234,3375.2750022913483
36,linear regression: pagerank,1487375797.8138986,579.5280578928878
36,linear regression: emb,1657992891.8370159,368.99764564061496
36,linear regression: baseline,1642622627.832161,368.76743403273065
36,poisson regression emb,52697896.360249564,1346.4058250201178
36,poisson regression pagerank + emb,,
36,decision tree: history + pagerank + emb,432535236.7538485,1036.8397665488476
36,decision tree: history + pagerank,385428381.7885153,1143.7117423446061
36,decision tree: history + emb,395320735.5850162,1008.1681433702992
36,decision tree: pagerank + emb,377050644.12065613,709.1186162536753
36,decision tree: history,377778081.7064245,937.4223098159667
36,decision tree: pagerank,403208551.32328594,710.0536145916813
36,decision tree: emb,355478462.1234895,655.919419895528
36,decision tree: baseline,1714156267.4547527,610.1728194175848
37,persistence,283205412.6583186,354.45816247630654
37,mean,538647866.0669526,311.4787587827548
37,linear regression: history + pagerank + emb,2524277516.5817833,630.2266017507943
37,linear regression: history + pagerank,2506237660.867848,631.7916208882336
37,linear regression: history + emb,2442135466.83224,624.5987414112742
37,linear regression: pagerank + emb,1444452764.8458626,583.6945622016717
37,linear regression: history,2442135466.83224,624.5987414112742
37,linear regression: pagerank,1444515305.220157,583.162481855965
37,linear regression: emb,1448713716.9943461,588.8268435664887
37,linear regression: baseline,1448854999.0472639,588.2803300377403
37,poisson regression emb,53098858.051268406,1184.7918583479282
37,poisson regression pagerank + emb,,
37,decision tree: history + pagerank + emb,390789330.3156019,583.3484315447375
37,decision tree: history + pagerank,376037155.07396024,532.7675727950156
37,decision tree: history + emb,387708779.9325481,438.97772286926113
37,decision tree: pagerank + emb,325191896.7871962,357.92098552569075
37,decision tree: history,406777917.94004726,393.87667241471274
37,decision tree: pagerank,348434188.0921744,375.76294611351534
37,decision tree: emb,368382410.6898648,440.38371183250086
37,decision tree: baseline,390403832.598604,527.1469362269729
38,persistence,189884300.28714868,276.2778981749634
38,mean,446213780.58179116,307.2854384363927
38,linear regression: history + pagerank + emb,2154661804.828922,549.9283920035452
38,linear regression: history + pagerank,2152910906.656184,555.0275874143489
38,linear regression: history + emb,2192351131.9726014,576.5474359658584
38,linear regression: pagerank + emb,742262316.0863384,286.6549925783873
38,linear regression: history,2192351131.9726014,576.5474359658584
38,linear regression: pagerank,742479339.9331114,286.5446551581697
38,linear regression: emb,746042519.9807543,288.2384890940938
38,linear regression: baseline,746379138.9225215,288.13113881167754
38,poisson regression emb,51930341.745984286,1254.8732936613994
38,poisson regression pagerank + emb,,
38,decision tree: history + pagerank + emb,354026815.48666567,329.3883219140741
38,decision tree: history + pagerank,407847414.59458196,360.71048858674305
38,decision tree: history + emb,391091491.4331199,325.55598469084885
38,decision tree: pagerank + emb,215454241.7415258,309.2885625526197
38,decision tree: history,382877841.8361601,335.8357967651575
38,decision tree: pagerank,277883161.0314796,332.3543348763413
38,decision tree: emb,261785517.88305715,280.8010182885593
38,decision tree: baseline,303803097.5602181,300.3927318680792
39,persistence,239030823.07337373,349.9801103765227
39,mean,506732903.9623527,269.1192211930988
39,linear regression: history + pagerank + emb,2985151801.061454,949.1485714085171
39,linear regression: history + pagerank,2987780140.072488,938.0158966017538
39,linear regression: history + emb,3024160513.675125,949.4262646659962
39,linear regression: pagerank + emb,1031994642.1360158,361.05034531683583
39,linear regression: history,3024160513.675125,949.4262646659962
39,linear regression: pagerank,1031938595.674523,361.009510472451
39,linear regression: emb,1046203916.2856132,354.2753761784661
39,linear regression: baseline,1046113536.9661828,354.2195475504897
39,poisson regression emb,51242978.64127587,1221.197853912914
39,poisson regression pagerank + emb,,
39,decision tree: history + pagerank + emb,390124879.50540537,267.0843953111243
39,decision tree: history + pagerank,439872029.40244836,304.87735877487114
39,decision tree: history + emb,426372689.8684593,514.1896574265706
39,decision tree: pagerank + emb,245068172.43185326,238.62133369790416
39,decision tree: history,447686777.6651043,499.8963026158622
39,decision tree: pagerank,257002932.75103876,420.58750961652623
39,decision tree: emb,254169136.16810244,290.4725546271925
39,decision tree: baseline,364564798.335536,237.80166054327225
40,persistence,771348385.6747271,786.2155664428686
40,mean,1032441952.8582678,792.7277510849858
40,linear regression: history + pagerank + emb,2419422082.7415986,846.5473594057906
40,linear regression: history + pagerank,2406573257.2097993,850.6882629418446
40,linear regression: history + emb,2397683896.0248184,852.9080606721998
40,linear regression: pagerank + emb,1216771131.3921945,785.1348003756453
40,linear regression: history,2397683896.0248184,852.9080606721998
40,linear regression: pagerank,1219655975.4852848,784.625474530984
40,linear regression: emb,1210301214.5351834,785.1606278357518
40,linear regression: baseline,1214512528.973488,784.6283158032487
40,poisson regression emb,50761824.8580419,1212.2645465067721
40,poisson regression pagerank + emb,,
40,decision tree: history + pagerank + emb,975506938.3957688,792.632864950876
40,decision tree: history + pagerank,1002838203.4001238,793.2059417343626
40,decision tree: history + emb,995558210.4543881,766.0097774995415
40,decision tree: pagerank + emb,1228239211.2591183,775.900812452367
40,decision tree: history,992039365.7496059,728.0818565701325
40,decision tree: pagerank,1271716781.7852075,770.4872779269316
40,decision tree: emb,1266238163.0362122,769.715882591058
40,decision tree: baseline,1385221742.991259,767.9335178774473
41,persistence,939156839.671188,568.9716769176479
41,mean,1171636426.9519227,650.9498212233199
41,linear regression: history + pagerank + emb,5077272092.25461,1186.0356221154302
41,linear regression: history + pagerank,5031773593.08057,1186.8558583063466
41,linear regression: history + emb,4992428391.880597,1183.2841139405525
41,linear regression: pagerank + emb,2564739957.687912,952.8410470491981
41,linear regression: history,4992428391.880597,1183.2841139405525
41,linear regression: pagerank,2559285662.3163753,952.6311231934806
41,linear regression: emb,2564549432.56508,955.9804446620695
41,linear regression: baseline,2559321680.0393167,955.7794711184961
41,poisson regression emb,50899297.51024589,1029.5362427926975
41,poisson regression pagerank + emb,,
41,decision tree: history + pagerank + emb,1922018568.892779,1150.31647294325
41,decision tree: history + pagerank,1315225122.0001338,989.6201376896576
41,decision tree: history + emb,1621053812.3465958,1074.5340483356322
41,decision tree: pagerank + emb,1672448169.339509,693.0202731913399
41,decision tree: history,1340014852.1375842,997.6580031733395
41,decision tree: pagerank,1346211098.7745323,584.623985902997
41,decision tree: emb,1929620770.1348796,773.3012088302322
41,decision tree: baseline,2608203968.293847,978.6227364518151
42,persistence,308397302.8931275,329.90756834723413
42,mean,530867561.0289446,319.2761816011681
42,linear regression: history + pagerank + emb,5699392631.75864,1292.849918112806
42,linear regression: history + pagerank,5689923963.138802,1280.0547619892104
42,linear regression: history + emb,5665874354.062082,1268.2323816857875
42,linear regression: pagerank + emb,2403047846.880539,323.8781307282889
42,linear regression: history,5665874354.062082,1268.2323816857875
42,linear regression: pagerank,2401438634.451999,324.0430360856227
42,linear regression: emb,2407485506.780861,331.86145872062957
42,linear regression: baseline,2405759862.101695,332.07648598710506
42,poisson regression emb,50670176.54852145,922.0095033190337
42,poisson regression pagerank + emb,100.0,922.3320451011947
42,decision tree: history + pagerank + emb,686298553.5862021,385.6959396514475
42,decision tree: history + pagerank,546118312.1263621,381.5469945665776
42,decision tree: history + emb,779296422.8382146,419.2488888360424
42,decision tree: pagerank + emb,380181014.573843,339.1428069314897
42,decision tree: history,758042222.2215514,628.3279355124575
42,decision tree: pagerank,441229055.2033808,336.4167887615628
42,decision tree: emb,383782845.4438425,496.66415988439223
42,decision tree: baseline,533788697.6316793,316.1101570237381
43,persistence,262859441.75539324,448.97481940634924
43,mean,498435440.3282512,401.22525435183775
43,linear regression: history + pagerank + emb,2168360921.3222065,748.9980883738788
43,linear regression: history + pagerank,2163905566.649266,745.3586680799257
43,linear regression: history + emb,2144861749.4019575,746.5621798956445
43,linear regression: pagerank + emb,1491547299.2263024,431.14803505715673
43,linear regression: history,2144861749.4019575,746.5621798956445
43,linear regression: pagerank,1494623772.1223826,431.16726454454067
43,linear regression: emb,1490284219.912811,431.0342058249329
43,linear regression: baseline,1493371718.2496753,431.05308673426106
43,poisson regression emb,49341275.33704298,1052.555742030447
43,poisson regression pagerank + emb,100.0,1052.860751830399
43,decision tree: history + pagerank + emb,465677634.75206757,454.1755108348784
43,decision tree: history + pagerank,436554506.4974013,463.4867691844144
43,decision tree: history + emb,461449853.3660975,438.18019538162287
43,decision tree: pagerank + emb,357417813.2208128,536.0088398893743
43,decision tree: history,521751295.7343028,443.0826895408998
43,decision tree: pagerank,331334726.0097332,535.5611846653121
43,decision tree: emb,399767615.51419926,534.5191476043618
43,decision tree: baseline,385522428.2511633,465.1995755621435
44,persistence,554187198.0713353,1040.5993418446337
44,mean,809880046.3587626,1055.3515424152347
44,linear regression: history + pagerank + emb,3553160735.555657,1285.6654681639793
44,linear regression: history + pagerank,3543928976.080166,1280.8464217248363
44,linear regression: history + emb,3561120183.596851,1285.434281697116
44,linear regression: pagerank + emb,1213478951.9666476,980.4551712323047
44,linear regression: history,3561120183.596851,1285.434281697116
44,linear regression: pagerank,1208857993.2385123,980.4064602711982
44,linear regression: emb,1213676135.408072,979.4116577730259
44,linear regression: baseline,1208992259.405036,979.3619817156152
44,poisson regression emb,52125093.89062786,1539.2408593724092
44,poisson regression pagerank + emb,100.0,1539.4380088496082
44,decision tree: history + pagerank + emb,642015131.5608776,1050.6063817893641
44,decision tree: history + pagerank,594159223.9003065,1043.1125991785125
44,decision tree: history + emb,702065148.1193805,1048.5254476768102
44,decision tree: pagerank + emb,715399825.5168844,1051.6203893761765
44,decision tree: history,767529737.9105908,1059.6588387271831
44,decision tree: pagerank,741508210.0505946,1015.8617065837307
44,decision tree: emb,791569355.5958188,1050.063434565729
44,decision tree: baseline,871275192.4465829,1046.530824434004
45,persistence,130232571.42210379,2722.3974671741976
45,mean,319278937.3932715,2452.6734088029352
45,linear regression: history + pagerank + emb,2076866364.723751,2778.2843323946713
45,linear regression: history + pagerank,2073174623.9345384,2777.569485752307
45,linear regression: history + emb,2073294566.1406431,2779.218731203632
45,linear regression: pagerank + emb,5132867649.78769,3263.642417979072
45,linear regression: history,2073294566.1406431,2779.218731203632
45,linear regression: pagerank,5138963961.287279,3263.672184246691
45,linear regression: emb,5145104960.009457,3284.4588760601496
45,linear regression: baseline,5151205838.920834,3284.3880398847555
45,poisson regression emb,47645780.56874101,2833.6912245301705
45,poisson regression pagerank + emb,100.0,2833.8338190897816
45,decision tree: history + pagerank + emb,240439927.01941574,2723.512905648189
45,decision tree: history + pagerank,228025887.32694685,2809.8293383761534
45,decision tree: history + emb,232123234.77313036,2724.6646191581967
45,decision tree: pagerank + emb,184883736.71328014,2810.2892315791146
45,decision tree: history,252643809.7168643,2724.9080855216025
45,decision tree: pagerank,177530507.11268318,2808.1676392936415
45,decision tree: emb,199316470.62557504,2812.3232185564348
45,decision tree: baseline,227476095.98586392,2566.8335269346567
46,persistence,266422285.21432182,3047.091549281717
46,mean,446205602.52651775,2228.1689977708534
46,linear regression: history + pagerank + emb,7222466895.93848,4364.529259581045
46,linear regression: history + pagerank,7153105749.502906,4345.2614885295125
46,linear regression: history + emb,7149566311.993508,4329.873041267831
46,linear regression: pagerank + emb,3466066986.1284533,2924.9020430279766
46,linear regression: history,7149566311.993508,4329.873041267831
46,linear regression: pagerank,3473206966.19405,2925.0270291738493
46,linear regression: emb,3415010525.0244856,2925.623188607988
46,linear regression: baseline,3422045057.224765,2925.745573091786
46,poisson regression emb,45045258.335764535,2946.3280579285615
46,poisson regression pagerank + emb,,
46,decision tree: history + pagerank + emb,448000937.9989135,3751.6565963352805
46,decision tree: history + pagerank,442570760.02653325,3235.169608130201
46,decision tree: history + emb,568754065.2774842,3725.175451388704
46,decision tree: pagerank + emb,696780867.5097392,3206.410535406456
46,decision tree: history,524957523.8703705,3634.5194546691087
46,decision tree: pagerank,754011606.2244428,3654.4101524986622
46,decision tree: emb,569188931.0567641,3711.4682625450905
46,decision tree: baseline,621420621.1626236,3219.1586241383
47,persistence,1637793584.4012766,3058.7851216074605
47,mean,1562235917.960474,1892.2981421057318
47,linear regression: history + pagerank + emb,19719718715.56833,7829.40279641509
47,linear regression: history + pagerank,19464334503.32118,7792.524719903609
47,linear regression: history + emb,19575418084.312443,7764.333990180401
47,linear regression: pagerank + emb,6313772125.171249,11793.419796483453
47,linear regression: history,19575418084.312443,7764.333990180401
47,linear regression: pagerank,6313423938.211422,11793.510995542247
47,linear regression: emb,6315697084.406085,11793.731047760246
47,linear regression: baseline,6315381479.807069,11793.828025353167
47,poisson regression emb,48814296.68760495,1601.5827486613816
47,poisson regression pagerank + emb,,
47,decision tree: history + pagerank + emb,1653694608.1635294,2098.9943493681462
47,decision tree: history + pagerank,1502239346.6159344,2557.6480352723306
47,decision tree: history + emb,1589316059.2079303,2558.4661191664227
47,decision tree: pagerank + emb,3397571353.6319547,2901.0697340310494
47,decision tree: history,1388394591.989106,2335.4146116923052
47,decision tree: pagerank,2948507737.443304,3431.492245530026
47,decision tree: emb,4539975747.264963,3464.0077624573055
47,decision tree: baseline,3839564076.6579413,3617.9199249293447
48,persistence,1394363627.5980191,1360.4016867493262
48,mean,1768222523.9105299,576.8881292283612
48,linear regression: history + pagerank + emb,12950159477.848711,8214.687474439079
48,linear regression: history + pagerank,12903151230.538542,7979.58043481645
48,linear regression: history + emb,12913714656.36472,8064.825350075861
48,linear regression: pagerank + emb,3980240992.871119,7826.576037266597
48,linear regression: history,12913714656.36472,8064.825350075861
48,linear regression: pagerank,3968211126.513041,7808.43592940696
48,linear regression: emb,3994115774.755283,7825.14953804216
48,linear regression: baseline,3982104266.705904,7807.015049182427
48,poisson regression emb,56856440.3810741,687.7401001812005
48,poisson regression pagerank + emb,100.0,688.058080385799
48,decision tree: history + pagerank + emb,1643246661.4607918,492.6932419065073
48,decision tree: history + pagerank,1614246979.8050256,500.14981137688477
48,decision tree: history + emb,1690795477.5218866,498.63000157160184
48,decision tree: pagerank + emb,1482094179.3898416,414.1782134228376
48,decision tree: history,1753515647.7408261,504.2858656951579
48,decision tree: pagerank,1632067085.9909923,928.6944633307855
48,decision tree: emb,1427148804.35012,437.9940428143841
48,decision tree: baseline,1754718291.0068262,759.7884103753402
49,persistence,1001340369.4736904,246.43080297644562
49,mean,1089282038.6394076,180.89422834562382
49,linear regression: history + pagerank + emb,3025455414.006668,812.5342015835647
49,linear regression: history + pagerank,3011308917.7279434,812.0067931207909
49,linear regression: history + emb,2976451366.8565083,831.8352882754987
49,linear regression: pagerank + emb,1774699322.5930955,188.7515402287539
49,linear regression: history,2976451366.8565083,831.8352882754987
49,linear regression: pagerank,1775962591.3036895,188.75178211605473
49,linear regression: emb,1771260782.2844527,187.93897806893037
49,linear regression: baseline,1772401012.9678652,187.93922689770505
49,poisson regression emb,61702347.15490995,544.9097385827087
49,poisson regression pagerank + emb,100.0,545.2147114368704
49,decision tree: history + pagerank + emb,920517830.8492998,403.76371260208924
49,decision tree: history + pagerank,956432598.6989667,411.3590565336944
49,decision tree: history + emb,1050636882.5416665,418.9031151220225
49,decision tree: pagerank + emb,542902980.8987988,225.29374665800032
49,decision tree: history,948494598.0237236,401.4181027905063
49,decision tree: pagerank,530803171.2844016,261.35299132884103
49,decision tree: emb,432649802.5097382,226.10700087759997
49,decision tree: baseline,448913815.76557297,234.50981498161556
50,persistence,137323879.34348056,279.95887313739155
50,mean,224897320.4232146,297.89339486089
50,linear regression: history + pagerank + emb,2268864923.8814826,980.3534300620878
50,linear regression: history + pagerank,2235576025.697051,988.7304525420556
50,linear regression: history + emb,2230359726.15888,992.9050779467754
50,linear regression: pagerank + emb,541841673.4284905,364.70184933697743
50,linear regression: history,2230359726.15888,992.9050779467754
50,linear regression: pagerank,539098200.6199427,364.7986082920835
50,linear regression: emb,547803004.2684586,364.7546586246742
50,linear regression: baseline,545011804.4069345,364.8375424679454
50,poisson regression emb,55367155.315484144,737.3497039869399
50,poisson regression pagerank + emb,100.0,737.6648623815204
50,decision tree: history + pagerank + emb,149089263.1158698,303.8285922418892
50,decision tree: history + pagerank,137197866.61716315,315.42796297989395
50,decision tree: history + emb,204159343.59873697,284.7220206973605
50,decision tree: pagerank + emb,121972761.16342223,351.54592902826704
50,decision tree: history,148436377.31666592,312.89460841847927
50,decision tree: pagerank,103528494.97878192,387.58438659012336
50,decision tree: emb,107569622.42816806,464.93316128182795
50,decision tree: baseline,112882553.10383125,362.60387968006023
51,persistence,214045149.89967546,287.6980945112371
51,mean,359763036.5870742,245.7950105793244
51,linear regression: history + pagerank + emb,2211471013.926742,835.4929199103578
51,linear regression: history + pagerank,2168341488.0460324,836.0672117367327
51,linear regression: history + emb,2190556564.9558716,838.0084854251031
51,linear regression: pagerank + emb,1039648024.9342861,485.62680776591696
51,linear regression: history,2190556564.9558716,838.0084854251031
51,linear regression: pagerank,1038093889.9464179,485.6374598008149
51,linear regression: emb,1020054303.5146939,474.94430332361065
51,linear regression: baseline,1018435027.7029555,474.9532093164401
51,poisson regression emb,51254435.29972334,820.7012445521369
51,poisson regression pagerank + emb,100.0,821.0413060324547
51,decision tree: history + pagerank + emb,228663092.4503461,301.31056707100856
51,decision tree: history + pagerank,280252212.50515485,300.31584873899544
51,decision tree: history + emb,409907564.305692,303.54444950940416
51,decision tree: pagerank + emb,390239448.36533326,323.67249981089475
51,decision tree: history,393097620.04312646,299.7913070043952
51,decision tree: pagerank,389555528.74686134,316.0291124124861
51,decision tree: emb,389617956.6340026,327.4929429286696
51,decision tree: baseline,490291060.4749087,318.8882166411461
